{"version":"6.0-SHARDED","generated_at":"2026-02-10T07:26:07.110Z","ma_xa":"20195","total":16637,"index":{"10:0":[108.130202,16.088074],"10:1":[108.131905,16.086909],"10:2":[108.133765,16.086481],"10:3":[108.137358,16.088163],"10:4":[108.126688,16.121232],"10:5":[108.124534,16.120565],"10:6":[108.123679,16.120761],"12:6":[108.124122,16.119906],"12:7":[108.126604,16.118],"12:8":[108.129058,16.118551],"13:1":[108.131486,16.117071],"13:2":[108.128886,16.117235],"13:3":[108.126449,16.116556],"13:4":[108.124306,16.115611],"13:5":[108.122882,16.116111],"13:6":[108.121296,16.11575],"13:7":[108.120895,16.114911],"13:8":[108.121979,16.115388],"15:6":[108.126266,16.115283],"15:7":[108.126585,16.11552],"15:8":[108.128889,16.114029],"15:9":[108.131328,16.11359],"16:0":[108.131265,16.111453],"16:1":[108.128855,16.113155],"16:2":[108.127028,16.111134],"16:3":[108.125006,16.111956],"16:4":[108.122048,16.111785],"16:5":[108.120128,16.112219],"18:2":[108.116906,16.108868],"18:3":[108.117225,16.109111],"18:4":[108.119566,16.109382],"18:5":[108.122399,16.11022],"18:6":[108.124786,16.10992],"18:7":[108.127049,16.110298],"18:8":[108.128867,16.110161],"18:9":[108.131261,16.108793],"19:0":[108.13367,16.108992],"19:1":[108.133608,16.106672],"19:2":[108.13123,16.107114],"19:3":[108.128952,16.107612],"19:4":[108.12661,16.108739],"21:6":[108.126592,16.104621],"21:7":[108.12893,16.105181],"21:8":[108.131101,16.105667],"21:9":[108.133615,16.105568],"22:0":[108.135942,16.104283],"22:2":[108.138959,16.10235],"22:3":[108.135923,16.102906],"22:4":[108.133605,16.104216],"22:5":[108.131889,16.102922],"22:6":[108.128935,16.103077],"22:7":[108.126587,16.103991],"23:8":[108.121913,16.100235],"23:9":[108.124299,16.100498],"24:0":[108.126796,16.101311],"24:1":[108.128961,16.100009],"24:2":[108.131247,16.100705],"24:3":[108.133608,16.099834],"24:4":[108.135936,16.099787],"24:5":[108.138216,16.100049],"24:6":[108.14066,16.099834],"24:7":[108.143264,16.097728],"24:8":[108.140653,16.098507],"24:9":[108.138275,16.099335],"25:0":[108.135901,16.098526],"25:1":[108.133594,16.098344],"25:2":[108.131269,16.098137],"25:3":[108.128933,16.097795],"25:4":[108.126606,16.09825],"25:5":[108.124249,16.09974],"25:6":[108.122587,16.097486],"25:7":[108.119584,16.099748],"26:2":[108.11749,16.097399],"26:3":[108.119512,16.095703],"26:4":[108.121928,16.095549],"26:5":[108.124275,16.09543],"26:6":[108.126578,16.095738],"26:7":[108.128936,16.097164],"26:8":[108.13128,16.097293],"26:9":[108.133837,16.097476],"27:0":[108.138156,16.09612],"27:1":[108.138281,16.095279],"27:2":[108.141943,16.097478],"27:3":[108.142988,16.096387],"27:4":[108.14576,16.095984],"27:6":[108.146139,16.095066],"27:7":[108.143394,16.094132],"27:8":[108.140634,16.09417],"27:9":[108.138276,16.093744],"28:0":[108.135959,16.094962],"28:1":[108.13374,16.093078],"28:2":[108.132468,16.093634],"28:3":[108.129105,16.095042],"28:4":[108.126603,16.094879],"28:5":[108.124235,16.09343],"28:6":[108.121889,16.095084],"28:7":[108.119785,16.093518],"28:8":[108.119176,16.093998],"29:2":[108.121908,16.092335],"29:3":[108.124233,16.091893],"29:4":[108.12693,16.09262],"29:5":[108.129106,16.090882],"29:6":[108.131502,16.09245],"29:7":[108.134586,16.090805],"29:8":[108.137112,16.092968],"29:9":[108.138358,16.092758],"30:0":[108.14058,16.092521],"30:1":[108.142934,16.091805],"30:5":[108.144089,16.089167],"30:6":[108.140588,16.090612],"30:7":[108.139202,16.08924],"30:8":[108.136418,16.090124],"30:9":[108.133925,16.090522],"31:0":[108.132225,16.089487],"31:1":[108.130083,16.089501],"31:2":[108.126881,16.088802],"31:3":[108.125273,16.089708],"31:5":[108.141125,16.086838],"31:6":[108.140791,16.088012],"31:7":[108.124478,16.106453],"31:8":[108.124475,16.102125],"32:2":[108.116134,16.108404],"32:3":[108.118559,16.108516],"32:4":[108.120843,16.106968],"32:5":[108.12188,16.107176],"32:6":[108.12522,16.107057],"32:7":[108.11727,16.104395],"32:8":[108.121815,16.106287],"32:9":[108.122242,16.104883],"33:0":[108.114282,16.102595],"33:1":[108.114902,16.102762],"33:2":[108.117254,16.104266],"33:3":[108.119602,16.104262],"33:4":[108.114913,16.100112],"33:5":[108.117253,16.100263],"33:6":[108.119559,16.099983],"33:7":[108.117227,16.097906],"33:8":[108.121883,16.10209],"33:9":[108.12098,16.092877],"34:0":[108.112731,16.100042],"34:1":[108.113498,16.099427],"34:2":[108.114926,16.099737],"34:3":[108.11705,16.104308],"35:0":[108.128644,16.087114],"9:7":[108.135114,16.08571]}}